MovieId,Movie Name,WikiUrl,actors,Keywords,TwitterHandles,BuffUrl,ImdbUrl,ReviewsUrl,TimesUrl,QuotesUrl,LyricsUrl,BoxOffice
1,DedhIshqiya,https://en.wikipedia.org/wiki/Dedh_Ishqiya,Madhuri Dixit;Arshad Warsi;Naseeruddin Shah;Huma Qureshi,DedhIshqiya; Dedh Ishqiya,DedhIshqiya,http://www.moviebuff.com/dedh-ishqiya,http://www.imdb.com/title/tt2675978/,http://reviewschview.com/dedh-ishqiya/,http://timesofindia.indiatimes.com/entertainment/hindi/movie-reviews/Dedh-Ishqiya/movie-review/28591895.cms,http://www.filmyquotes.com/movies/548,http://www.lyricsmint.com/2013/12/dedh-ishqiya.html,http://www.boxofficeindia.com/Movies/movie_detail/dedh_ishqiya
2,Yaariyan,https://en.wikipedia.org/wiki/Yaariyan_(2014_film),Himansh Kohli;Nicole Faria;Rakul Preet Singh;Shreyas Porus;,Yaariyan movie,Yaariyan,http://www.moviebuff.com/yaariyan,http://www.imdb.com/title/tt3382148/,http://reviewschview.com/yaariyan/,http://timesofindia.indiatimes.com/entertainment/hindi/movie-reviews/Yaariyan/movie-review/28630376.cms,http://www.filmyquotes.com/movies/557,http://www.lyricsmint.com/2013/12/yaariyan.html,http://www.boxofficeindia.com/Movies/movie_detail/yaariyan
3,KarlePyaarKarle,https://en.wikipedia.org/wiki/Karle_Pyaar_Karle,Shiv Darshan;Hasleen Kaur;Aham Sharma,KarlePyaarKarle; Karle Pyaar Karle,KarlePyaarKarle,http://www.moviebuff.com/karle-pyaar-karle,http://www.imdb.com/title/tt3465488/,http://reviewschview.com/karle-pyaar-karle/,http://timesofindia.indiatimes.com/entertainment/hindi/movie-reviews/Karle-Pyaar-Karle/movie-review/28957044.cms,None,None,http://www.boxofficeindia.com/Movies/movie_detail/karle_pyaar_karle
4,ParantheWaliGali,https://en.wikipedia.org/wiki/Paranthe_Wali_Gali,Anuj Saxena; Neha Pawar,ParantheWaliGali review,pwgfilm,http://www.moviebuff.com/paranthe-wali-gali,http://www.imdb.com/title/tt2907156/,http://reviewschview.com/paranthe-wali-gali/,http://timesofindia.indiatimes.com/entertainment/hindi/movie-reviews/Paranthe-Wali-Gali/movie-review/28887994.cms,None,None,http://www.boxofficeindia.com/Movies/movie_detail/paranthe_wali_gali
5,JaiHo,https://en.wikipedia.org/wiki/Jai_Ho_(film),Salman Khan;Tabu;Daisy Shah;Danny Denzongpa,JaiHo; Jai Ho movie,JaiHoOnline,http://www.moviebuff.com/jai-ho,http://www.imdb.com/title/tt1188982/,http://reviewschview.com/jai-ho/,http://timesofindia.indiatimes.com/entertainment/hindi/movie-reviews/Jai-Ho/movie-review/29246331.cms,http://www.filmyquotes.com/movies/541,http://www.lyricsmint.com/2013/12/jai-ho.html,http://boxofficeindia.com/Movies/movie_detail/jai_ho
6,HaseeTohPhasee,https://en.wikipedia.org/wiki/Hasee_Toh_Phasee,Parineeti Chopra;Sidharth Malhotra;Adah Sharma;Manoj Joshi;Sharat Saxena,HaseeTohPhasee; Hasee Toh Phasee,HaseeTohPhasee,http://www.moviebuff.com/hasee-toh-phasee,http://www.imdb.com/title/tt3173910/,http://reviewschview.com/hasee-toh-phasee/,http://timesofindia.indiatimes.com/entertainment/hindi/movie-reviews/Hasee-Toh-Phasee/movie-review/29937657.cms,http://www.filmyquotes.com/movies/558,http://www.lyricsmint.com/2014/01/hasee-toh-phasee.html,http://www.boxofficeindia.com/Movies/movie_detail/hasee_toh_phasee
7,Gunday,https://en.wikipedia.org/wiki/Gunday,Priyanka Chopra;Ranveer Singh;Arjun Kapoor;Irrfan Khan,Gunday,GundayTheFilm,http://www.moviebuff.com/gunday,http://www.imdb.com/title/tt2574698/,http://reviewschview.com/gunday/,http://timesofindia.indiatimes.com/entertainment/hindi/movie-reviews/Gunday/movie-review/30405620.cms,http://www.filmyquotes.com/movies/549,http://www.lyricsmint.com/2014/01/gunday.html,http://boxofficeindia.com/Movies/movie_detail/gunday
8,GulabiGang,https://en.wikipedia.org/wiki/Gulabi_Gang_(film),None,GulabiGang,None,http://www.moviebuff.com/gulabi-gang,http://www.imdb.com/title/tt2196638/,None,None,None,None,http://www.boxofficeindia.com/Movies/movie_detail/gulabi_gang
9,ShaadiKeSideEffects,https://en.wikipedia.org/wiki/Shaadi_Ke_Side_Effects,Farhan Akhtar;Vidya Balan;Ram Kapoor;Vir Das,Shaadi Ke Side Effects,SKSEthefilm,http://www.moviebuff.com/shaadi-ke-side-effects,http://www.imdb.com/title/tt3302962/,http://reviewschview.com/shaadi-ke-side-effects/,http://timesofindia.indiatimes.com/entertainment/hindi/movie-reviews/Shaadi-Ke-Side-Effects/movie-review/31081900.cms,http://www.filmyquotes.com/movies/571,http://www.lyricsmint.com/2014/02/shaadi-ke-side-effects.html,http://www.boxofficeindia.com/Movies/movie_detail/shaadi_ke_side_effects
10,GulaabGang,https://en.wikipedia.org/wiki/Gulaab_Gang,Madhuri Dixit;Juhi Chawla,GulaabGang; Gulaab Gang,None,http://www.moviebuff.com/gulaab-gang,http://www.imdb.com/title/tt2573750/,http://reviewschview.com/gulaab-gang/,http://timesofindia.indiatimes.com/entertainment/hindi/movie-reviews/Gulaab-Gang/movie-review/31602425.cms,http://www.filmyquotes.com/movies/559,None,http://boxofficeindia.com/Movies/movie_detail/gulaab_gang
11,TotalSiyappa,https://en.wikipedia.org/wiki/Total_Siyappa,Ali Zafar;Yami Gautam;Anupam Kher;Kirron Kher;Sara Khan,TotalSiyappa; Total Siyappa,None,http://www.moviebuff.com/total-siyapaa,http://www.imdb.com/title/tt2727028/,http://reviewschview.com/total-siyapaa/,http://timesofindia.indiatimes.com/entertainment/hindi/movie-reviews/Total-Siyapaa/movie-review/31606863.cms,None,http://www.lyricsmint.com/2014/02/total-siyapaa.html,None
12,Bewakoofiyaan,https://en.wikipedia.org/wiki/Bewakoofiyaan,Ayushmann Khurrana;Sonam Kapoor;Rishi Kapoor,Bewakoofiyaan,Bewakoofiyaan,http://www.moviebuff.com/bewakoofiyaan,http://www.imdb.com/title/tt3483646/,http://reviewschview.com/bewakoofiyaan/,http://timesofindia.indiatimes.com/entertainment/hindi/movie-reviews/Bewakoofiyaan/movie-review/32016840.cms,http://www.filmyquotes.com/movies/826,http://www.lyricsmint.com/2014/02/bewakoofiyaan.html,http://www.boxofficeindia.com/Movies/movie_detail/bewakoofiyaan
13,AnkhonDekhi,https://en.wikipedia.org/wiki/Ankhon_Dekhi,Sanjay Mishra;Seema Pahwa;Rajat Kapoor,AnkhonDekhi; Ankhon Dekhi,AnkhonDekhi,http://www.moviebuff.com/ankhon-dekhi,http://www.imdb.com/title/tt3614516/,http://reviewschview.com/ankhon-dekhi/,http://timesofindia.indiatimes.com/entertainment/hindi/movie-reviews/Ankhon-Dekhi/movie-review/32370038.cms,None,None,http://www.boxofficeindia.com/Movies/movie_detail/ankhon_dekhi
14,GangofGhosts,https://en.wikipedia.org/wiki/Gang_of_Ghosts,Sharman Joshi;Parambrata Chatterjee;Mahi Gill;Anupam Kher;Meera Chopra;Rajesh Khattar;Saurabh Shukla;Rajpal Yadav;Yashpal Sharma;Chunky Pandey;Jackie Shroff,Gangofghosts; Gang of ghosts,Gangofghosts,http://www.moviebuff.com/gang-of-ghosts,http://www.imdb.com/title/tt3531604/,http://reviewschview.com/gang-ghosts/,http://timesofindia.indiatimes.com/entertainment/hindi/movie-reviews/Gang-of-Ghosts/movie-review/32419652.cms,http://www.filmyquotes.com/movies/586,None,http://boxofficeindia.com/Movies/movie_detail/gang_of_ghosts
15,RaginiMMS2,https://en.wikipedia.org/wiki/Ragini_MMS_2,Sunny Leone;Parvin Dabas;Sandhya Mridul;Anita Hassanandani,RaginiMMS2; Ragini MMS,None,http://www.moviebuff.com/ragini-mms-2,http://www.imdb.com/title/tt2609218/,http://reviewschview.com/ragini-mms-2/,http://timesofindia.indiatimes.com/entertainment/hindi/movie-reviews/Ragini-MMS-2/movie-review/32423360.cms,http://www.filmyquotes.com/movies/615,http://www.lyricsmint.com/2014/02/ragini-mms-2.html,http://boxofficeindia.com/Movies/movie_detail/ragini_mms_2
16,Dishkiyaoon,https://en.wikipedia.org/wiki/Dishkiyaoon,Harman Baweja;Sunny Deol;Ayesha Khanna;Aditya Pancholi;Prashant Narayanan,Dishkiyaoon,DishkiyaoonFilm,http://www.moviebuff.com/dishkiyaoon,http://www.imdb.com/title/tt3539966/,http://reviewschview.com/dishkiyaoon/,http://timesofindia.indiatimes.com/entertainment/hindi/movie-reviews/Dishkiyaoon/movie-review/32857750.cms,http://www.filmyquotes.com/movies/582,http://www.lyricsmint.com/2014/03/dishkiyaoon.html,http://www.boxofficeindia.com/Movies/movie_detail/dishkiyaoon
17,Youngistaan,https://en.wikipedia.org/wiki/Youngistaan,Jackky Bhagnani;Neha Sharma;Farooq Sheikh;Kayoze Irani,Youngistaan,YoYoungistaan,http://www.moviebuff.com/youngistaan,http://www.imdb.com/title/tt3514330/,http://reviewschview.com/youngistaan/,http://timesofindia.indiatimes.com/entertainment/hindi/movie-reviews/Youngistaan/movie-review/32788525.cms,http://www.filmyquotes.com/movies/689,None,http://www.boxofficeindia.com/Movies/movie_detail/youngistaan
18,MainTeraHero,https://en.wikipedia.org/wiki/Main_Tera_Hero,Varun Dhawan;Ileana D'Cruz;Nargis Fakhri,MainTeraHero; Main Tera Hero,MainTera_Hero,http://www.moviebuff.com/main-tera-hero,http://www.imdb.com/title/tt2762334/,http://reviewschview.com/main-tera-hero/,http://timesofindia.indiatimes.com/entertainment/hindi/movie-reviews/Main-Tera-Hero/movie-review/33185414.cms,http://www.filmyquotes.com/movies/585,http://www.lyricsmint.com/2014/03/main-tera-hero.html,http://boxofficeindia.com/Movies/movie_detail/main_tera_hero
19,BhoothnathReturns,https://en.wikipedia.org/wiki/Bhoothnath_Returns,Amitabh Bachchan;Boman Irani;Parth Bhalerao;Usha Jadhav;Sanjay Mishra;Brijendra Kala;Usha Nadkarni,BhoothnathReturns; Bhoothnath,BigBBhoothGang,http://www.moviebuff.com/bhoothnath-returns,http://www.imdb.com/title/tt3531852/,http://reviewschview.com/bhoothnath-returns/,http://timesofindia.indiatimes.com/entertainment/hindi/movie-reviews/Bhoothnath-Returns/movie-review/33614526.cms,http://www.filmyquotes.com/movies/598,http://www.lyricsmint.com/2014/03/bhoothnath-returns.html,http://boxofficeindia.com/Movies/movie_detail/bhoothnath_returns#.Vj3QuHW1Gko
20,TwoStates,https://en.wikipedia.org/wiki/2_States_(film),Arjun Kapoor;Alia Bhatt;Ronit Roy;Amrita Singh;Revathi;Shiv Kumar Subramaniam,2 States movie,2StatesMovie,http://www.moviebuff.com/2-states,http://www.imdb.com/title/tt2372678/,http://reviewschview.com/2-states/,http://timesofindia.indiatimes.com/entertainment/hindi/movie-reviews/2-States/movie-review/33856750.cms,http://www.filmyquotes.com/movies/651,http://www.lyricsmint.com/2014/03/2-states.html,http://boxofficeindia.com/Movies/movie_detail/2_states#.Vj3QyHW1Gko
21,DekhTamashaDekh,https://en.wikipedia.org/wiki/Dekh_Tamasha_Dekh,Satish Kaushik;Tanvi Azmi;Vinay Jain,DekhTamashaDekh; Dekh Tamasha Dekh,dtdmovie,http://www.moviebuff.com/dekh-tamasha-dekh,http://www.imdb.com/title/tt3672618/,http://reviewschview.com/dekh-tamasha-dekh/,http://timesofindia.indiatimes.com/entertainment/hindi/movie-reviews/Dekh-Tamasha-Dekh/movie-review/33861205.cms,None,None,http://www.boxofficeindia.com/Movies/movie_detail/dekh_tamasha_dekh
22,KyaDilliKyaLahore,https://en.wikipedia.org/wiki/Kya_Dilli_Kya_Lahore,Vijay Raaz;Manu Rishi;Raj Zutshi,KDKLTheMovie; KDKL The Movie,KDKLTheMovie,http://www.moviebuff.com/kya-dilli-kya-lahore,http://www.imdb.com/title/tt2063745/,http://reviewschview.com/kya-dilli-kya-lahore/,http://timesofindia.indiatimes.com/entertainment/hindi/movie-reviews/Kya-Dilli-Kya-Lahore/movie-review/34466490.cms,http://www.filmyquotes.com/movies/1055,None,http://www.boxofficeindia.com/Movies/movie_detail/kya_dilli_kya_lahore
23,KahinHaiMeraPyar,https://en.wikipedia.org/wiki/Kahin_Hai_Mera_Pyar,Jackie Shroff;Sanjay Kapoor,KahinHaiMeraPyar; Kahin Hai Mera Pyar,KHMPOfficial,http://www.moviebuff.com/kahin-hai-mera-pyar,http://www.imdb.com/title/tt3585758/,http://reviewschview.com/kahin-hai-mera-pyar/,http://timesofindia.indiatimes.com/entertainment/hindi/movie-reviews/Kahin-Hai-Mera-Pyaar/movie-review/34475777.cms,None,None,http://www.boxofficeindia.com/Movies/movie_detail/kahin_hai_mera_pyar
24,Koyelaanchal,https://en.wikipedia.org/wiki/Koyelaanchal,Vinod Khanna;Sunil Shetty,Koyelaanchal review,Koyelaanchal,http://www.moviebuff.com/koyelaanchal,http://www.imdb.com/title/tt3640942/,http://reviewschview.com/koyelaanchal/,http://timesofindia.indiatimes.com/entertainment/hindi/movie-reviews/Koyelaanchal/movie-review/34891051.cms,http://www.filmyquotes.com/movies/631,None,http://www.boxofficeindia.com/Movies/movie_detail/koyelaanchal
25,Mastram,https://en.wikipedia.org/wiki/Mastram,Tara Alisha; Kapil Dubey; Rahul Bagga; Vinod Nahardih; Istiyak Khan; Akash Dhaiya,Mastram review,aslimastram,http://www.moviebuff.com/mastram,http://www.imdb.com/title/tt3431714/,http://reviewschview.com/mastram/,http://timesofindia.indiatimes.com/entertainment/hindi/movie-reviews/Mastram/movie-review/34883898.cms,None,None,http://www.boxofficeindia.com/Movies/movie_detail/mastram
26,YehHaiBakrapur,https://en.wikipedia.org/wiki/Yeh_Hai_Bakrapur,Anshuman Jha;Asif Basra,YehHaiBakrapur review,yehhaibakrapur,http://www.moviebuff.com/yeh-hai-bakrapur,http://www.imdb.com/title/tt3524410/,http://reviewschview.com/yeh-hai-bakrapur/,http://timesofindia.indiatimes.com/entertainment/hindi/movie-reviews/Yeh-Hai-Bakrapur/movie-review/34825152.cms,None,None,http://www.boxofficeindia.com/Movies/movie_detail/yeh_hai_bakrapur
27,TheXpos,https://en.wikipedia.org/wiki/The_Xpos%C3%A9,Himesh Reshammiya;Zoya Afroz;Sonali Raut;Honey Singh,TheXpos,None,http://www.moviebuff.com/the-xpose,http://www.imdb.com/title/tt3645014/,http://reviewschview.com/xpose/,http://timesofindia.indiatimes.com/entertainment/hindi/movie-reviews/The-X-pose/movie-review/35155553.cms,None,http://www.lyricsmint.com/2014/04/the-xpose.html,http://boxofficeindia.com/Movies/movie_detail/the_expose#.Vj3Q0nW1Gko
28,Heropanti,https://en.wikipedia.org/wiki/Heropanti,Tiger Shroff;Kriti Sanon;Prakash Raj,Heropanti,Heropanti,http://www.moviebuff.com/heropanti,http://www.imdb.com/title/tt3142232/,http://reviewschview.com/heropanti/,http://timesofindia.indiatimes.com/entertainment/hindi/movie-reviews/Heropanti/movie-review/35520099.cms,http://www.filmyquotes.com/movies/671,http://www.lyricsmint.com/2014/04/heropanti.html,http://boxofficeindia.com/Movies/movie_detail/heropanti
29,Kochadaiiyaan,https://en.wikipedia.org/wiki/Kochadaiiyaan,Rajinikanth;Deepika Padukone;Aadhi;R. Sarathkumar,Kochadaiiyaan,Kochadaiiyaan,http://www.moviebuff.com/kochadaiiyaan,http://www.imdb.com/title/tt2339505/,http://reviewschview.com/kochadaiiyaan/,http://timesofindia.indiatimes.com/entertainment/hindi/movie-reviews/Kochadaiiyaan/movie-review/35519501.cms,None,None,None
30,KukuMathurKiJhandHoGayi,https://en.wikipedia.org/wiki/Kuku_Mathur_Ki_Jhand_Ho_Gayi,Simran Kaur Mundi;Siddharth Bhardwaj,KukuMathurKiJhandHoGayi,None,http://www.moviebuff.com/kuku-mathur-ki-jhand-ho-gayi,http://www.imdb.com/title/tt2998196/,http://reviewschview.com/kuku-mathur-ki-jhand-ho-gayi/,http://timesofindia.indiatimes.com/entertainment/hindi/movie-reviews/Kuku-Mathur-Ki-Jhand-Ho-Gayi/movie-review/35731358.cms,None,None,http://www.boxofficeindia.com/Movies/movie_detail/kuku_mathur_ki_jhand_ho_gayi
31,Filmistaan,https://en.wikipedia.org/wiki/Filmistaan,Sharib Hashmi;Inaamulhaq,Filmistaan,None,http://www.moviebuff.com/filmistaan,http://www.imdb.com/title/tt2417560/,http://reviewschview.com/filmistaan/,http://timesofindia.indiatimes.com/entertainment/hindi/movie-reviews/Filmistaan/movie-review/36096884.cms,None,None,http://www.boxofficeindia.com/Movies/movie_detail/filmistaan
32,Fugly,https://en.wikipedia.org/wiki/Fugly_(2014_film),Jimmy Shergill;Mohit Marwah;Kiara Advani;Vijender Singh;Arfi Lamba,Fugly review,FuglyTheFilm,http://www.moviebuff.com/fugly,http://www.imdb.com/title/tt3683702/,http://reviewschview.com/fugly/,http://timesofindia.indiatimes.com/entertainment/hindi/movie-reviews/Fugly/movie-review/36484782.cms,http://www.filmyquotes.com/movies/766,http://www.lyricsmint.com/2014/05/fugly.html,http://www.boxofficeindia.com/Movies/movie_detail/fugly
33,Humshakals,https://en.wikipedia.org/wiki/Humshakals,Saif Ali Khan;Riteish Deshmukh;Bipasha Basu;Tamannaah Bhatia;Esha Gupta;Ram Kapoor,Humshakals,humshakals,http://www.moviebuff.com/humshakals,http://www.imdb.com/title/tt3036740/,http://reviewschview.com/humshakals/,http://timesofindia.indiatimes.com/entertainment/hindi/movie-reviews/Humshakals/movie-review/36879647.cms,http://www.filmyquotes.com/movies/684,http://www.lyricsmint.com/2014/05/humshakals.html,http://boxofficeindia.com/Movies/movie_detail/humshakals
34,EkVillain,https://en.wikipedia.org/wiki/Ek_Villain,Sidharth Malhotra;Shraddha Kapoor;Riteish Deshmukh,EkVillain; Ek Villain,EkVillainTweets,http://www.moviebuff.com/ek-villain,http://www.imdb.com/title/tt3175038/,http://reviewschview.com/ek-villain/,http://timesofindia.indiatimes.com/entertainment/hindi/movie-reviews/Ek-Villain/movie-review/37267702.cms,http://www.filmyquotes.com/movies/670,http://www.lyricsmint.com/2014/05/ek-villain.html,http://boxofficeindia.com/Movies/movie_detail/ek_villian
35,BobbyJasoos,https://en.wikipedia.org/wiki/Bobby_Jasoos,Vidya Balan;Ali Fazal,bobbyjasoos; bobby jasoos,bobbyjasoos,http://www.moviebuff.com/bobby-jasoos,http://www.imdb.com/title/tt3359290/,http://reviewschview.com/bobby-jasoos/,http://timesofindia.indiatimes.com/entertainment/hindi/movie-reviews/Bobby-Jasoos/movie-review/37770408.cms,http://www.filmyquotes.com/movies/763,http://www.lyricsmint.com/2014/06/jashn-bobby-jasoos.html,http://www.boxofficeindia.com/Movies/movie_detail/bobby_jasoos
36,LekarHumDeewanaDil,https://en.wikipedia.org/wiki/Lekar_Hum_Deewana_Dil,Armaan Jain;Deeksha Seth,LekarHumDeewanaDil; Lekar Hum Deewana Dil,LHDDTheFilm,http://www.moviebuff.com/lekar-hum-deewana-dil,http://www.imdb.com/title/tt3716142/,http://reviewschview.com/lekar-hum-deewana-dil/,http://timesofindia.indiatimes.com/entertainment/hindi/movie-reviews/Lekar-Hum-Deewana-Dil/movie-review/37695384.cms,http://www.filmyquotes.com/movies/744,http://www.lyricsmint.com/2014/06/lekar-hum-deewana-dil.html,http://boxofficeindia.com/Movies/movie_detail/lekar_hum_deewana_dil#.Vj3Q5XW1Gko
37,HumptySharmaKiDulhania,https://en.wikipedia.org/wiki/Humpty_Sharma_Ki_Dulhania,Alia Bhatt;Varun Dhawan;Ashutosh Rana;Siddharth Shukla,Humpty Sharma Ki Dulhania,HSKDOfficial,http://www.moviebuff.com/humpty-sharma-ki-dulhania,http://www.imdb.com/title/tt3678938/,http://reviewschview.com/humpty-sharma-ki-dulhania/,http://timesofindia.indiatimes.com/entertainment/hindi/movie-reviews/Humpty-Sharma-Ki-Dulhania/movie-review/38134885.cms,http://www.filmyquotes.com/movies/674,http://www.lyricsmint.com/2014/06/humpty-sharma-ki-dulhania.html,http://www.boxofficeindia.com/Movies/movie_detail/humpty_sharma_ki_dulhania
38,HateStory2,https://en.wikipedia.org/wiki/Hate_Story_2,Sushant Singh;Surveen Chawla;Jay Bhanushali,HateStory2; Hate Story 2,HateStoryTwo,http://www.moviebuff.com/hate-story-2,http://www.imdb.com/title/tt3619772/,http://reviewschview.com/hate-story-2/,http://timesofindia.indiatimes.com/entertainment/hindi/movie-reviews/Hate-Story-2/movie-review/38624587.cms,http://www.filmyquotes.com/movies/690,http://www.lyricsmint.com/2014/06/hate-story-2.html,http://boxofficeindia.com/Movies/movie_detail/hate_story_2
39,Riyasat,https://en.wikipedia.org/wiki/Riyasat_(film),Rajesh Khanna;Aryan Vaid;Raza Murad,Riyasat review,None,http://www.moviebuff.com/riyasat,http://www.imdb.com/title/tt2283894/,http://reviewschview.com/riyasat/,http://timesofindia.indiatimes.com/entertainment/hindi/movie-reviews/Riyasat/movie-review/38624098.cms,None,None,http://www.boxofficeindia.com/Movies/movie_detail/riyasat
40,SinghamReturns,https://en.wikipedia.org/wiki/Singham_Returns,Ajay Devgan;Kareena Kapoor Khan;Amole Gupte;Anupam Kher;Dayanand Shetty;Sameer Dharmadhikari;Ashwini Kalsekar;Sharat Saxena;Zakir Hussain;Mahesh Manjrekar;Sonalee Kulkarni;Jitendra Joshi,SinghamReturns; Singham Returns; Singham,Singham2Movie,http://www.moviebuff.com/singham-returns,http://www.imdb.com/title/tt2309764/,http://reviewschview.com/singham-returns/,http://timesofindia.indiatimes.com/entertainment/hindi/movie-reviews/Singham-Returns/movie-review/40307494.cms,http://www.filmyquotes.com/movies/692,http://www.lyricsmint.com/2014/08/singham-returns.html,http://www.boxofficeindia.com/Movies/movie_detail/singham_returns
41,Mardaani,https://en.wikipedia.org/wiki/Mardaani,Rani Mukerji;Tahir Raj Bhasin;Jisshu Sengupta,Mardaani,MardaaniTheFilm,http://www.moviebuff.com/mardaani,http://www.imdb.com/title/tt3495000/,http://reviewschview.com/mardaani/,http://timesofindia.indiatimes.com/entertainment/hindi/movie-reviews/Mardaani/movie-review/40687296.cms,http://www.filmyquotes.com/movies/762,http://www.lyricsmint.com/2014/08/mardaani-anthem.html,http://www.boxofficeindia.com/Movies/movie_detail/mardaani
42,MaryKom,https://en.wikipedia.org/wiki/Mary_Kom_(film),Priyanka Chopra;Darshan Kumaar;Sunil Thapa,MaryKom; Mary Kom,MaryKomMovie,http://www.moviebuff.com/mary-kom,http://www.imdb.com/title/tt3001638/,http://reviewschview.com/mary-kom/,http://timesofindia.indiatimes.com/entertainment/hindi/movie-reviews/Mary-Kom/movie-review/41693622.cms,http://www.filmyquotes.com/movies/794,http://www.lyricsmint.com/2014/08/mary-kom.html,http://boxofficeindia.com/Movies/movie_detail/mary_kom
43,FindingFanny,https://en.wikipedia.org/wiki/Finding_Fanny,Deepika Padukone;Arjun Kapoor;Naseeruddin Shah;Pankaj Kapur;Dimple Kapadia;Ranveer Singh,FindingFanny; Finding Fanny,FindingFanny,http://www.moviebuff.com/finding-fanny,http://www.imdb.com/title/tt3142688/,http://reviewschview.com/finding-fanny/,http://timesofindia.indiatimes.com/entertainment/hindi/movie-reviews/Finding-Fanny/movie-review/42227128.cms,None,http://www.lyricsmint.com/2014/08/finding-fanny.html,http://www.boxofficeindia.com/Movies/movie_detail/finding_fanny
44,Daawat-E-Ishq,https://en.wikipedia.org/wiki/Daawat-E-Ishq,Parineeti Chopra;Aditya Roy Kapur;Anupam Kher,DaawatEIshq; Daawat E Ishq,DaawatEIshq,http://www.moviebuff.com/daawat-e-ishq,http://www.imdb.com/title/tt3398052/,http://reviewschview.com/daawat-e-ishq/,http://timesofindia.indiatimes.com/entertainment/hindi/movie-reviews/Daawat-e-Ishq/movie-review/42909116.cms,http://www.filmyquotes.com/movies/800,http://www.lyricsmint.com/2014/07/daawat-e-ishq.html,http://boxofficeindia.com/Movies/movie_detail/daawat_e_ishq#.Vj3Q8HW1Gko
45,ChaarfutiyaChhokare,https://en.wikipedia.org/wiki/Chaarfutiya_Chhokare,Soha Ali Khan;Harsh Mayar;Seema Biswas;Mukesh Tiwari;Zakir Hussain;Lekh Tandon,ChaarfutiyaChhokare review,None,http://www.moviebuff.com/chaarfutiya-chhokare,http://www.imdb.com/title/tt3021244/,http://reviewschview.com/chaarfutiya-chhokare/,http://timesofindia.indiatimes.com/entertainment/hindi/movie-reviews/Chaarfutiya-Chhokare/movie-review/43443650.cms,None,None,http://www.boxofficeindia.com/Movies/movie_detail/chaarfutiya_chhokare
46,DesiKattey,https://en.wikipedia.org/wiki/Desi_Kattey,Sunil Shetty;Jay Bhanushali;Akhil Kapur;Sasha Agha,DesiKattey review,DesiKattey,http://www.moviebuff.com/desi-kattey,http://www.imdb.com/title/tt3877652/,http://reviewschview.com/desi-kattey/,http://timesofindia.indiatimes.com/entertainment/hindi/movie-reviews/Desi-Kattey/movie-review/43531175.cms,http://www.filmyquotes.com/movies/774,None,http://www.boxofficeindia.com/Movies/movie_detail/desi_kattey
47,Haider,https://en.wikipedia.org/wiki/Haider_(film),Shahid Kapoor;Tabu;Shraddha Kapoor;Kay Kay Menon,Haider,HaiderTheFilm,http://www.moviebuff.com/haider,http://www.imdb.com/title/tt3390572/,http://reviewschview.com/haider/,http://timesofindia.indiatimes.com/entertainment/hindi/movie-reviews/Haider/movie-review/43971245.cms,http://www.filmyquotes.com/movies/856,http://www.lyricsmint.com/2014/09/haider-2014-songs-lyrics-videos-shahid.html,http://www.boxofficeindia.com/Movies/movie_detail/haider
48,Jigariyaa,https://en.wikipedia.org/wiki/Jigariyaa,Harshvardhan Deo; Cherry Mardia; Virendar Saxena; K.K. Raina; Navni Parihar; Natasha Rastogi; Vineeta Malik; Deepak Chadha; Ketan Singh; Sneha Deori,Jigariyaa,Jigariyaa,http://www.moviebuff.com/jigariyaa,http://www.imdb.com/title/tt4010306/,http://reviewschview.com/jigariyaa/,http://timesofindia.indiatimes.com/entertainment/hindi/movie-reviews/Jigariyaa/movie-review/44770766.cms,http://www.similarsites.com/site/filmyquotes.com,None,http://www.boxofficeindia.com/Movies/movie_detail/jigariyaa
49,EkkeesTopponKiSalaami,https://en.wikipedia.org/wiki/Ekkees_Toppon_Ki_Salaami,Anupam Kher;Neha Dhupia;Divyendu Sharma;Aditi Sharma,EkkeesTopponKiSalaami; Ekkees Toppon Ki Salaami,EkkeesToppon,http://www.moviebuff.com/ekkees-toppon-ki-salaami,http://www.imdb.com/title/tt3847072/,http://reviewschview.com/ekkees-toppon-ki-salaami/,http://timesofindia.indiatimes.com/entertainment/hindi/movie-reviews/Ekkees-Toppon-Ki-Salaami/movie-review/44769831.cms,None,None,http://www.boxofficeindia.com/Movies/movie_detail/ekkees_toppon_ki_salaami
50,Tamanchey,https://en.wikipedia.org/wiki/Tamanchey,Nikhil Dwivedi;Richa Chadda,Tamanchey,Tamanchey,http://www.moviebuff.com/tamanchey,http://www.imdb.com/title/tt2317135/,http://reviewschview.com/tamanchey/,http://timesofindia.indiatimes.com/entertainment/hindi/movie-reviews/Tamanchey/movie-review/44769320.cms,http://www.filmyquotes.com/movies/1067,None,http://www.boxofficeindia.com/Movies/movie_detail/tamanchey
51,MumbaiCanDanceSaala,https://en.wikipedia.org/wiki/Mumbai_Can_Dance_Saala,Ashima Sharma; Rakhi Sawant; Prashant Narayanan; Aditya Pancholi; Shakti Kapoor,MumbaiCanDanceSaala; Mumbai Can Dance Saala,None,http://www.moviebuff.com/mumbai-can-dance-saalaa,http://www.imdb.com/title/tt4355892/,http://reviewschview.com/mumbai-can-dance-saala/,http://timesofindia.indiatimes.com/entertainment/hindi/movie-reviews/Mumbai-Can-Dance-Saalaa/movie-review/45704548.cms,None,None,http://www.boxofficeindia.com/Movies/movie_detail/nh_10
52,SuperNani,https://en.wikipedia.org/wiki/Super_Nani,Rekha;Sharman Joshi;Randhir Kapoor;Anupam Kher;Shweta Kumar,supernanimovie,supernanimovie,http://www.moviebuff.com/super-nani,http://www.imdb.com/title/tt2630076/,http://reviewschview.com/super-nani/,http://timesofindia.indiatimes.com/entertainment/hindi/movie-reviews/Super-Nani/movie-review/44990891.cms,http://www.filmyquotes.com/,None,http://boxofficeindia.com/Movies/movie_detail/super_nani#.Vj3Q-HW1Gko
53,ChaarSahibzaade,https://en.wikipedia.org/wiki/Chaar_Sahibzaade,Om Puri; Harman Baweja,ChaarSahibzaade; Chaar Sahibzaade,ChaarSahibzaade,http://www.moviebuff.com/chaar-sahibzaade,http://www.imdb.com/title/tt4168188/,http://reviewschview.com/chaar-sahibzade/,http://timesofindia.indiatimes.com/entertainment/hindi/movie-reviews/Chaar-Sahibzaade/movie-review/45055529.cms,None,None,http://boxofficeindia.com/Movies/movie_detail/chaar_sahibzaade#.Vj3RAHW1Gko
54,RangRasiya,https://en.wikipedia.org/wiki/Rang_Rasiya,Randeep Hooda;Nandana Sen;Feryna Wazheir;Gaurav Dwivedi,RangRasiya,RangRasiyaFilm,http://www.moviebuff.com/rang-rasiya,http://www.imdb.com/title/tt1239276/,http://reviewschview.com/rang-rasiya/,http://timesofindia.indiatimes.com/entertainment/hindi/movie-reviews/Rang-Rasiya/movie-review/45045484.cms,http://www.filmyquotes.com/movies/1074,None,http://www.boxofficeindia.com/Movies/movie_detail/rang_rasiya
55,TheShaukeens,https://en.wikipedia.org/wiki/The_Shaukeens,Akshay Kumar;Annu Kapoor;Piyush Mishra;Lisa Haydon;Anupam Kher,TheShaukeens; Shaukeens,TheShaukeens,http://www.moviebuff.com/the-shaukeens,http://www.imdb.com/title/tt3848888/,http://reviewschview.com/shaukeens/,http://timesofindia.indiatimes.com/entertainment/hindi/movie-reviews/The-Shaukeens/movie-review/45045861.cms,None,http://www.lyricsmint.com/2014/10/the-shaukeens.html,http://www.boxofficeindia.com/Movies/movie_detail/the_shaukeens
56,KillDil,https://en.wikipedia.org/wiki/Kill_Dil,Govinda;Ranveer Singh;Ali Zafar;Parineeti Chopra;Jass Bhatia,Kill Dil,KillDilFilm,http://www.moviebuff.com/kill-dil,http://www.imdb.com/title/tt3380264/,http://reviewschview.com/kill-dil/,http://timesofindia.indiatimes.com/entertainment/hindi/movie-reviews/Kill-Dil/movie-review/45122625.cms,http://www.filmyquotes.com/movies/822,http://www.lyricsmint.com/2014/10/kill-dil.html,http://boxofficeindia.com/Movies/movie_detail/kill_dil#.Vj3RB3W1Gko
57,Ungli,https://en.wikipedia.org/wiki/Ungli,Emraan Hashmi;Randeep Hooda;Kangana Ranaut;Neha Dhupia;Angad Bedi;Neil Bhoopalam;Sanjay Dutt,Ungli,UngliTheFilm,http://www.moviebuff.com/ungli,http://www.imdb.com/title/tt2392447/,http://reviewschview.com/ungli/,http://timesofindia.indiatimes.com/entertainment/hindi/movie-reviews/Ungli/movie-review/45281961.cms,http://www.filmyquotes.com/movies/854,http://www.lyricsmint.com/2014/11/ungli.html,http://www.boxofficeindia.com/Movies/movie_detail/ungli
58,ActionJackson,https://en.wikipedia.org/wiki/Action_Jackson_(2014_film),Ajay Devgn;Sonakshi Sinha;Yami Gautam;Kunaal Roy Kapur;Manasvi Mamgai;Anandaraj,ActionJackson; Action Jackson,AJTheMovie,http://www.moviebuff.com/action-jackson,http://www.imdb.com/title/tt0403935/,http://reviewschview.com/action-jackson/,http://timesofindia.indiatimes.com/entertainment/hindi/movie-reviews/Action-Jackson/movie-review/45358712.cms,http://www.filmyquotes.com/movies/900,http://www.lyricsmint.com/2014/11/action-jackson.html,http://www.boxofficeindia.com/Movies/movie_detail/action_jackson
59,PK,https://en.wikipedia.org/wiki/PK_(film),Aamir Khan;Anushka Sharma;Sushant Singh Rajput;Boman Irani;Saurabh Shukla;Sanjay Dutt,"PK""; pk review",PKTheFilm,http://www.moviebuff.com/pk,http://www.imdb.com/title/tt2338151/,http://reviewschview.com/pk/,http://timesofindia.indiatimes.com/entertainment/hindi/movie-reviews/PK/movie-review/45559270.cms,http://www.filmyquotes.com/movies/1000,http://www.lyricsmint.com/2014/11/pk.html,http://boxofficeindia.com/Movies/movie_detail/pk#.Vj3REnW1Gko
60,MumbaiCanDanceSaala,https://en.wikipedia.org/wiki/Mumbai_Can_Dance_Saala,Rakhi Sawant;Prashant Narayanan;Aditya Pancholi;Shakti Kapoor,MumbaiCanDanceSaala; Mumbai Can Dance Saala,None,http://www.moviebuff.com/mumbai-can-dance-saalaa,http://www.imdb.com/title/tt4355892/,http://reviewschview.com/mumbai-can-dance-saala/,http://timesofindia.indiatimes.com/entertainment/hindi/movie-reviews/Mumbai-Can-Dance-Saalaa/movie-review/45704548.cms,None,None,http://www.boxofficeindia.com/Movies/movie_detail/nh_10
61,Tevar,https://en.wikipedia.org/wiki/Tevar,Arjun Kapoor;Sonakshi Sinha;Manoj Bajpayee,Tevar,TevarMovie,http://www.moviebuff.com/tevar,http://www.imdb.com/title/tt3398048/,http://reviewschview.com/tevar/,http://timesofindia.indiatimes.com/entertainment/hindi/movie-reviews/Tevar/movie-review/45807360.cms,http://www.filmyquotes.com/movies/924,http://www.lyricsmint.com/2014/12/tevar.html,http://boxofficeindia.com/Movies/movie_detail/tevar
62,CrazyCukkadFamily,https://en.wikipedia.org/wiki/Crazy_Cukkad_Family,Swanand Kirkire;Shilpa Shukla;Nora Fatehi;Kiran Karmarkar;Kushal Punjabi;Jugnu Ishiqui,CrazyCukkadFamily; Crazy Cukkad Family,CrazyCukkad,http://www.moviebuff.com/crazy-cukkad-family,http://www.imdb.com/title/tt4094820/,http://reviewschview.com/crazy-cukkad-family/,http://timesofindia.indiatimes.com/entertainment/hindi/movie-reviews/Crazy-Cukkad-Family/movie-review/45911378.cms,None,None,http://boxofficeindia.com/Movies/movie_detail/crazy_kukkad_family
63,SharafatGayiTelLene,https://en.wikipedia.org/wiki/Sharafat_Gayi_Tel_Lene,Zayed Khan;Rannvijay Singh;Tena Desae,SharafatGayiTelLene; Sharafat Gayi Tel Lene,SGTLtheFilm,http://www.moviebuff.com/sharafat-gayi-tel-lene,http://www.imdb.com/title/tt4373886/,http://reviewschview.com/sharafat-gayi-tel-lene/,http://timesofindia.indiatimes.com/entertainment/hindi/movie-reviews/Sharafat-Gayi-Tel-Lene/movie-review/45912945.cms,http://www.filmyquotes.com/movies/1060,None,http://www.boxofficeindia.com/Movies/movie_detail/sharafat_gayi_tel_lene
64,DollyKiDoli,https://en.wikipedia.org/wiki/Dolly_Ki_Doli,Sonam Kapoor;Rajkummar Rao;Pulkit Samrat;Varun Sharma,Dolly Ki Doli; DollyKiDoli,DKDTheMovie,http://www.moviebuff.com/dolly-ki-doli,http://www.imdb.com/title/tt4332114/,http://reviewschview.com/dolly-ki-doli/,http://timesofindia.indiatimes.com/entertainment/hindi/movie-reviews/Dolly-Ki-Doli/movie-review/45978356.cms,http://www.filmyquotes.com/movies/1262,http://www.lyricsmint.com/2015/01/dolly-ki-doli.html,http://www.boxofficeindia.com/Movies/movie_detail/dolly_ki_doli
65,Hawaizaada,https://en.wikipedia.org/wiki/Hawaizaada,Ayushmann Khurrana;Mithun Chakraborty;Pallavi Sharda,Hawaizaada,Hawaizaadafilm,http://www.moviebuff.com/hawaizaada,http://www.imdb.com/title/tt4338154/,http://reviewschview.com/hawaizaada/,http://timesofindia.indiatimes.com/entertainment/hindi/movie-reviews/Hawaizaada/movie-review/46066072.cms,http://www.filmyquotes.com/movies/1057,None,http://boxofficeindia.com/Movies/movie_detail/hawaizaada#.Vj3RGnW1Gko
66,Khamoshiyan,https://en.wikipedia.org/wiki/Khamoshiyan,Gurmeet Choudhary;Ali Fazal;Sapna Pabbi,khamoshiyan,khamoshiyanSHS,http://www.moviebuff.com/khamoshiyan,http://www.imdb.com/title/tt3886444/,http://reviewschview.com/khamoshiyan/,http://timesofindia.indiatimes.com/entertainment/hindi/movie-reviews/Khamoshiyan/movie-review/46068256.cms,http://www.filmyquotes.com/movies/1005,http://www.lyricsmint.com/2014/12/khamoshiyan.html,http://boxofficeindia.com/Movies/movie_detail/khamoshiyan
67,Shamitabh,https://en.wikipedia.org/wiki/Shamitabh,Dhanush;Amitabh Bachchan;Akshara Haasan,Shamitabh,ShamitabhMovie,http://www.moviebuff.com/shamitabh,http://www.imdb.com/title/tt3836958/,http://reviewschview.com/shamitabh/,http://timesofindia.indiatimes.com/entertainment/hindi/movie-reviews/Shamitabh/movie-review/46140842.cms,http://www.filmyquotes.com/movies/1041,None,http://www.boxofficeindia.com/Movies/movie_detail/shamitabh
68,Badlapur,https://en.wikipedia.org/wiki/Badlapur_(film),Varun Dhawan;Nawazuddin Siddiqui;Huma Qureshi;Yami Gautam;Divya Dutta,Badlapur,Badlapur_Movie,http://www.moviebuff.com/badlapur,http://www.imdb.com/title/tt3678782/,http://reviewschview.com/badlapur/,http://timesofindia.indiatimes.com/entertainment/hindi/movie-reviews/Badlapur/movie-review/46296855.cms,http://www.filmyquotes.com/movies/1114,http://www.lyricsmint.com/2015/01/badlapur.html,http://boxofficeindia.com/Movies/movie_detail/badlapur
69,AbTakChhappan2,https://en.wikipedia.org/wiki/Ab_Tak_Chhappan_2,Nana Patekar;Ashutosh Rana;Vikram Gokhale;Gul Panag,AbTakChhappan2; Ab Tak Chhappan,None,http://www.moviebuff.com/ab-tak-chhappan-2-hindi,http://www.imdb.com/title/tt2202086/,http://reviewschview.com/ab-tak-chhappan-2/,http://timesofindia.indiatimes.com/entertainment/hindi/movie-reviews/Ab-Tak-Chhappan-2/movie-review/46393255.cms,http://www.filmyquotes.com/movies/1122,None,http://boxofficeindia.com/Movies/movie_detail/ab_tak_chappan_2
70,DumLagaKeHaisha,https://en.wikipedia.org/wiki/Dum_Laga_Ke_Haisha,Ayushmann Khurana; Bhumi Pednekar,Dum Laga Ke Haisha; DumLagaKeHaisha,DumLagaKeHaisha,http://www.moviebuff.com/dum-laga-ke-haisha,http://www.imdb.com/title/tt3495030/,http://reviewschview.com/dum-laga-ke-haisha/,http://timesofindia.indiatimes.com/entertainment/hindi/movie-reviews/Dum-Laga-Ke-Haisha/movie-review/46396381.cms,None,http://www.lyricsmint.com/2015/02/dum-laga-ke-haisha.html,http://boxofficeindia.com/Movies/movie_detail/dum_laga_ke_haisha
71,Badmashiyaan,https://en.wikipedia.org/wiki/Badmashiyaan,Suzanna Mukherjee;Sidhant Gupta;Sharib Hashmi;Karan Mehra;Gunjan Malhotra,Badmashiyaan,Badmashiyaan,http://www.moviebuff.com/fun-never-ends-badmashiyaan,http://www.imdb.com/title/tt4511416/,http://reviewschview.com/badmashiyaan/,http://timesofindia.indiatimes.com/entertainment/hindi/movie-reviews/Badmashiyaan/movie-review/46452443.cms,http://www.filmyquotes.com/movies/1205,None,http://boxofficeindia.com/Movies/movie_detail/badmaashiyan#.Vj3RInW1Gko
72,DirtyPolitics,https://en.wikipedia.org/wiki/Dirty_Politics_(film),Naseeruddin Shah;Mallika Sherawat;Jackie Shroff;Ashutosh Rana;Anupam Kher;Om Puri,DirtyPolitics review; Dirty Politics review,DPTheMovie,http://www.moviebuff.com/dirty-politics,http://www.imdb.com/title/tt4501576/,http://reviewschview.com/dirty-politics/,http://timesofindia.indiatimes.com/entertainment/hindi/movie-reviews/Dirty-Politics/movie-review/46478114.cms,http://www.filmyquotes.com/movies/1196,None,http://boxofficeindia.com/Movies/movie_detail/dirty_politics
73,NH10,https://en.wikipedia.org/wiki/NH10,Neil Bhoopalam; Anushka Sharma,nh10,nh10themovie,http://www.moviebuff.com/nh-10,http://www.imdb.com/title/tt3742284/,http://reviewschview.com/nh10/,http://timesofindia.indiatimes.com/entertainment/hindi/movie-reviews/NH10/movie-review/46549775.cms,None,None,http://boxofficeindia.com/Movies/movie_detail/nh_10#.Vj3RK3W1Gko
74,DilliwaliZaalimGirlfriend,https://en.wikipedia.org/wiki/Dilliwali_Zaalim_Girlfriend,Divyendu Sharma;Jackie Shroff;Prachi Mishra;Pradhuman Singh,DilliwaliZaalimGirlfriend; Dilli wali Zaalim Girlfriend,None,http://www.moviebuff.com/dilliwaali-zaalim-girlfriend,http://www.imdb.com/title/tt2800452/,http://reviewschview.com/dilliwaali-zaalim-girlfriend/,http://timesofindia.indiatimes.com/entertainment/hindi/bollywood/news/Dilliwaali-Zaalim-Girlfriend-piques-B-town-curiosity/articleshow/46620977.cms,None,http://www.lyricsmint.com/2015/03/dilliwaali-zaalim-girlfriend.html,http://boxofficeindia.com/Movies/movie_detail/dilliwali_zaalim_girlfriend#.Vj3ROHW1Gko
75,Hunterrr,https://en.wikipedia.org/wiki/Hunterrr,Gulshan Devaiah;Radhika Apte;Sai Tamhankar,Hunterrr,HunterrrPonkshe,http://www.moviebuff.com/hunterrr,http://www.imdb.com/title/tt4333674/,http://reviewschview.com/hunterrr/,http://timesofindia.indiatimes.com/entertainment/hindi/movie-reviews/Hunterrr/movie-review/46633685.cms,http://www.filmyquotes.com/movies/1113,None,http://www.boxofficeindia.com/Movies/movie_detail/hunterrr
76,DetectiveByomkeshBakshy,https://en.wikipedia.org/wiki/Detective_Byomkesh_Bakshy!,Sushant Singh Rajput;Anand Tiwari;Swastika Mukherjee,DetectiveByomkeshBakshy; Detective Byomkesh Bakshy,byomkeshbakshy,http://www.moviebuff.com/detective-byomkesh-bakshy,http://www.imdb.com/title/tt3447364/,http://reviewschview.com/detective-byomkesh-bakshy/,http://timesofindia.indiatimes.com/entertainment/hindi/movie-reviews/Detective-Byomkesh-Bakshy/movie-review/46781565.cms,None,None,http://boxofficeindia.com/Movies/movie_detail/detective_byomkesh_bakshy#.Vj3RQnW1Gko
77,PaisaHoPaisa,https://en.wikipedia.org/wiki/Paisa_Ho_Paisa,Madalasa Sharma;Kanishka Soni,PaisaHoPaisa; Paisa Ho Paisa,None,http://www.moviebuff.com/paisa-ho-paisa-2015-hindi,http://www.imdb.com/title/tt4553900/,http://reviewschview.com/paisa-ho-paisa/,http://timesofindia.indiatimes.com/entertainment/hindi/movie-reviews/Paisa-Ho-Paisa/movie-review/46796753.cms,None,None,http://www.boxofficeindia.com/Movies/movie_detail/paisa_ho_paisa
78,DharamSankatMein,https://en.wikipedia.org/wiki/Dharam_Sankat_Mein,Paresh Rawal;Naseeruddin Shah;Annu Kapoor,DharamSankatMein; Dharam Sankat Mein,DharamSankat,http://www.moviebuff.com/dharam-sankat-mein,http://www.imdb.com/title/tt4354740/,http://reviewschview.com/dharam-sankat-mein/,http://timesofindia.indiatimes.com/entertainment/hindi/movie-reviews/Dharam-Sankat-Mein/movie-review/46872665.cms,None,None,http://boxofficeindia.com/Movies/movie_detail/dharam_sankat_mein
79,EkPaheliLeela,https://en.wikipedia.org/wiki/Ek_Paheli_Leela,Sunny Leone;Jay Bhanushali;Rajneesh Duggal;Rahul Dev;Mohit Ahlawat,EkPaheliLeelal; Ek Paheli Leela,LeelaFilm,http://www.moviebuff.com/ek-paheli-leela,http://www.imdb.com/title/tt4500734/,http://reviewschview.com/ek-paheli-leela/,http://timesofindia.indiatimes.com/entertainment/hindi/movie-reviews/Ek-Paheli-Leela/movie-review/46877692.cms,http://www.filmyquotes.com/movies/1115,http://www.lyricsmint.com/2015/03/ek-paheli-leela.html,http://www.boxofficeindia.com/Movies/movie_detail/ek_paheli_leela
80,MargaritawithaStraw,https://en.wikipedia.org/wiki/Margarita_with_a_Straw,Kalki Koechlin;Revathi,MargaritawithaStraw; Margarita with a Straw,MWASOfficial,http://www.moviebuff.com/margarita-with-a-straw,http://www.imdb.com/title/tt2929690/,http://reviewschview.com/margarita-with-a-straw/,http://timesofindia.indiatimes.com/entertainment/hindi/movie-reviews/Margarita-with-a-Straw/movie-review/46941641.cms,None,None,http://boxofficeindia.com/Movies/movie_detail/margarita_with_a_straw#.Vj3RS3W1Gko
81,Mr.X,https://en.wikipedia.org/wiki/Mr._X_(film),Emraan Hashmi;Amyra Dastur;Arunoday Singh;Tanmay Bhat,Mr.X review,None,http://www.moviebuff.com/mr-x-2015-hindi,http://www.imdb.com/title/tt3848938/,http://reviewschview.com/mr-x/,http://timesofindia.indiatimes.com/entertainment/hindi/movie-reviews/Mr-X/movie-review/46957344.cms,http://www.filmyquotes.com/movies/1255,http://www.lyricsmint.com/2015/03/mr-x.html,http://boxofficeindia.com/Movies/movie_detail/mr_x
82,NH-8RoadtoNidhivan,https://en.wikipedia.org/wiki/NH-8_Road_to_Nidhivan,Auroshikha Dey; Ravneet Kaur; Satyakaam Anand; Arjun Fauzdar; Swaroopa Ghosh,NH-8RoadtoNidhivan; NH-8 Road to Nidhivan,None,http://www.moviebuff.com/nh-8-road-to-nidhivan-2015-hindi,http://www.imdb.com/title/tt3742284/,http://reviewschview.com/nh-8-road-to-nidhivan/,http://timesofindia.indiatimes.com/entertainment/hindi/movie-reviews/NH-8-Road-to-Nidhivan/movie-review/46959710.cms,None,None,http://www.boxofficeindia.com/Movies/movie_detail/nh_8__road_to_nidhivan
83,IshqKeParindey,https://en.wikipedia.org/wiki/Ishq_Ke_Parindey,Rishi Verma; Priyanka Mehta; Manjul Aazad; Abid Yunus Khan; Yasir Iftikhar Khan,Ishqkeparindey; Ishq ke parindey,Ishqkeparindey,http://www.moviebuff.com/ishq-ke-parindey,http://www.imdb.com/title/tt4581722/,http://reviewschview.com/ishq-ke-parindey/,http://timesofindia.indiatimes.com/entertainment/hindi/movie-reviews/Ishq-Ke-Parindey/movie-review/47041637.cms,None,None,http://www.boxofficeindia.com/Movies/movie_detail/ishq_ke_parindey
84,KaagazKeFools,https://en.wikipedia.org/wiki/Kaagaz_Ke_Fools,Vinay Pathak;Mugdha Godse;Raima Sen;Saurabh Shukla;Rajendra Sethi;Amit Behl;Nishikant Dixit,KaagazKeFools; Kaagaz Ke Fools,None,http://www.moviebuff.com/kaagaz-ke-fools,http://www.imdb.com/title/tt2962230/,http://reviewschview.com/kaagaz-ke-fools/,http://timesofindia.indiatimes.com/entertainment/hindi/movie-reviews/Kaagaz-Ke-Fools/movie-review/47039602.cms,None,None,http://boxofficeindia.com/Movies/movie_detail/kaagaz_ke_fools
85,GabbarisBack,https://en.wikipedia.org/wiki/Gabbar_is_Back,Akshay Kumar;Shruti Haasan;Suman Talwar;Jaideep Ahlawat;Sunil Grover,GabbarIsBack; Gabbar Is Back,thegabbarisback,http://www.moviebuff.com/gabbar-is-back,http://www.imdb.com/title/tt2424988/,http://reviewschview.com/gabbar-is-back/,http://timesofindia.indiatimes.com/entertainment/hindi/movie-reviews/Gabbar-Is-Back/movie-review/47117684.cms,http://www.filmyquotes.com/movies/1238,http://www.lyricsmint.com/2015/04/gabbar-is-back.html,http://boxofficeindia.com/Movies/movie_detail/gabbar_is_back#.Vj3RU3W1Gko
86,KuchKuchLochaHai,https://en.wikipedia.org/wiki/Kuch_Kuch_Locha_Hai,Sunny Leone;Ram Kapoor;Evelyn Sharma;Navdeep Chhabra;Suchita Trivedi,KuchKuchLochaHai; Kuch Kuch Locha Hai,KKLHtheFilm,http://www.moviebuff.com/kuch-kuch-locha-hai,http://www.imdb.com/title/tt4272420/,http://reviewschview.com/kuch-kuch-locha-hai/,http://timesofindia.indiatimes.com/entertainment/hindi/movie-reviews/Kuch-Kuch-Locha-Hai/movie-review/47204625.cms,http://www.filmyquotes.com/movies/1422,http://www.lyricsmint.com/2015/04/kuch-kuch-locha-hai.html,http://www.boxofficeindia.com/Movies/movie_detail/kuch_kuch_kocha_hai
87,Piku,https://en.wikipedia.org/wiki/Piku,Amitabh Bachchan;Deepika Padukone;Irrfan Khan;Jisshu Sengupta,Piku,PikuTheFilm,http://www.moviebuff.com/piku,http://www.imdb.com/title/tt3767372/,http://reviewschview.com/piku/,http://timesofindia.indiatimes.com/entertainment/hindi/movie-reviews/Piku/movie-review/47196766.cms,http://www.filmyquotes.com/movies/1421,http://www.lyricsmint.com/2015/04/piku.html,http://www.boxofficeindia.com/Movies/movie_detail/piku
88,BombayVelvet,https://en.wikipedia.org/wiki/Bombay_Velvet,Ranbir Kapoor;Anushka Sharma;Karan Johar,BombayVelvet; Bombay Velvet,TheBombayVelvet,http://www.moviebuff.com/bombay-velvet,http://www.imdb.com/title/tt2979920/,http://reviewschview.com/bombay-velvet/,http://timesofindia.indiatimes.com/entertainment/hindi/movie-reviews/Bombay-Velvet/movie-review/47294623.cms,http://www.filmyquotes.com/movies/1208,None,http://boxofficeindia.com/Movies/movie_detail/bombay_velvet
89,TanuWedsManuReturns,https://en.wikipedia.org/wiki/Tanu_Weds_Manu_Returns,R. Madhavan;Kangana Ranaut;Jimmy Shergill;Swara Bhaskar;Deepak Dobriyal,TanuWedsManuReturns; Tanu Weds Manu Returns; TanuWedsManu,None,http://www.moviebuff.com/tanu-weds-manu-returns,http://www.imdb.com/title/tt2140465/,http://reviewschview.com/tanu-weds-manu-returns/,http://timesofindia.indiatimes.com/entertainment/hindi/movie-reviews/Tanu-Weds-Manu-Returns/movie-review/47379910.cms,http://www.filmyquotes.com/movies/1295,http://www.lyricsmint.com/2015/04/tanu-weds-manu-returns.html,http://www.boxofficeindia.com/Movies/movie_detail/tanu_weds_manu_returns
90,ILoveDesi,https://en.wikipedia.org/wiki/I_Love_Desi,Gulshan Grover;Mannat Singh;Shakti Anand,ILoveDesi; I Love Desi,ilovedesimovie,http://www.moviebuff.com/i-love-desi,http://www.imdb.com/title/tt4718678/,http://reviewschview.com/desi-kattey/,http://timesofindia.indiatimes.com/entertainment/hindi/movie-reviews/Desi-Kattey/movie-review/43531175.cms,http://www.filmyquotes.com/movies/590,None,http://www.boxofficeindia.com/Movies/movie_detail/i_love_desi
91,Ishqedarriyaan,https://en.wikipedia.org/wiki/Ishqedarriyaan,Mahaakshay Chakraborty;Evelyn Sharma,ishqedarriyaan,ishqedarriyaan,http://www.moviebuff.com/ishqedarriyaan,http://www.imdb.com/title/tt4610308/,http://reviewschview.com/ishqedarriyaan/,http://timesofindia.indiatimes.com/entertainment/hindi/movie-reviews/Ishqedarriyaan/movie-review/47472745.cms,None,http://www.lyricsmint.com/2015/04/ishqedarriyaan.html,http://boxofficeindia.com/Movies/movie_detail/ishqedarriyan
92,PSePMTak,https://en.wikipedia.org/wiki/P_Se_PM_Tak,Meenakshi Dixit;Indrajeet Soni;Bharat Jadhav;Yashpal Sharma;Vedish;Aanjjan Srivastav;Aakash Pandey;Deepak Shirke;Akhilendra Mishra;Mushtaq Khan;Prerna Wanvari;Upasana Singh;Virendra Saxena;Pandharinath Kamble;Aanand Kale,PSePMTak; P Se PM Tak,None,http://www.moviebuff.com/p-se-pm-tak,http://www.imdb.com/title/tt3255586/,http://reviewschview.com/p-se-pm-tak/,http://timesofindia.indiatimes.com/entertainment/hindi/movie-reviews/P-Se-PM-Tak/movie-review/47473032.cms,None,None,http://www.boxofficeindia.com/Movies/movie_detail/p_se_pm_tak
93,WelcometoKarachi,https://en.wikipedia.org/wiki/Welcome_to_Karachi,Arshad Warsi;Jackky Bhagnani;Lauren Gottlieb,WelcometoKarachi; Welcome to Karachi,WTKOfficial,http://www.moviebuff.com/welcome-2-karachi,http://www.imdb.com/title/tt4023852/,http://reviewschview.com/welcome-2-karachi/,http://timesofindia.indiatimes.com/entertainment/hindi/movie-reviews/Welcome-2-Karachi/movie-review/47468185.cms,None,http://www.lyricsmint.com/2015/05/welcome-to-karachi.html,None
94,DilDhadakneDo,https://en.wikipedia.org/wiki/Dil_Dhadakne_Do,Anil Kapoor;Shefali Shah;Priyanka Chopra;Ranveer Singh;Farhan Akhtar;Anushka Sharma,dil dhadakne do;dildhadaknedo,DDDTheFilm,http://www.moviebuff.com/dil-dhadakne-do,http://www.imdb.com/title/tt4110568/,http://reviewschview.com/dil-dhadakne-do/,http://timesofindia.indiatimes.com/entertainment/hindi/movie-reviews/Dil-Dhadakne-Do/movie-review/47536090.cms,http://www.filmyquotes.com/movies/14,http://www.lyricsmint.com/2015/05/dil-dhadakne-do.html,http://www.boxofficeindia.com/Movies/movie_detail/dil_dhadakne_do
95,MereGenieUncle,https://en.wikipedia.org/wiki/Mere_Genie_Uncle,Tiku Talsania;Swati Kapoor,MereGenieUncle; Mere Genie Uncle,meregenieuncle,http://www.moviebuff.com/mere-genie-uncle,http://www.imdb.com/title/tt2585654/,None,None,None,None,http://boxofficeindia.com/Movies/movie_detail/mere_genie_uncle#.Vj3RZnW1Gko
96,HamariAdhuriKahani,https://en.wikipedia.org/wiki/Hamari_Adhuri_Kahani,Emraan Hashmi;Vidya Balan;Rajkummar Rao,hamari adhuri kahani;hamariadhurikahani;hamariadhoorikahani,HamariAdhuri,http://www.moviebuff.com/hamari-adhuri-kahani,http://www.imdb.com/title/tt3483612/,http://reviewschview.com/hamari-adhuri-kahani/,http://timesofindia.indiatimes.com/entertainment/hindi/movie-reviews/Hamari-Adhuri-Kahani/movie-review/47642256.cms,http://www.filmyquotes.com/movies/1273,http://www.lyricsmint.com/2015/05/hamari-adhuri-kahani.html,http://boxofficeindia.com/Movies/movie_detail/hamari_adhuri_kahani
97,ABCD2,https://en.wikipedia.org/wiki/ABCD_2,Shraddha Kapoor;Prabhu Deva;Varun Dhawan;Raghav Juyal;Lauren Gottlieb;Dharmesh Yelande;Punit Pathak,abcd;abcd 2;any body can dance; anybodycandance,ABCD2_Movie,http://www.moviebuff.com/abcd-any-body-can-dance-2,http://www.imdb.com/title/tt3679000/,http://reviewschview.com/abcd-any-body-can-dance-2/,http://timesofindia.indiatimes.com/entertainment/hindi/movie-reviews/ABCD-2/movie-review/47735000.cms,http://www.filmyquotes.com/movies/1265,http://www.lyricsmint.com/2015/05/abcd-2.html,http://www.boxofficeindia.com/Movies/movie_detail/abcd_2
98,MissTanakpurHaazirHo,https://en.wikipedia.org/wiki/Miss_Tanakpur_Haazir_Ho,Annu Kapoor;Om Puri;Ravi Kishan;Hrishita Bhatt,MissTanakpurHaazirHo; Miss Tanakpur Haazir Ho,MissTanakpur,http://www.moviebuff.com/miss-tanakpur-haazir-ho,http://www.imdb.com/title/tt4707940/,http://reviewschview.com/miss-tanakpur-haazir-ho/,http://timesofindia.indiatimes.com/entertainment/hindi/movie-reviews/Miss-Tanakpur-Haazir-Ho/movie-review/47830517.cms,None,http://www.lyricsmint.website/tag/miss-tanakpur-haazir-ho/,http://www.boxofficeindia.com/Movies/movie_detail/miss_tanakpur_haazir_ho
99,Uvaa,https://en.wikipedia.org/wiki/Uvaa,Rohan mehra;Sanjay Mishra;Jimmy Shergill;Archana Puran Singh;Sangram Singh,uvaathefilm,uvaathefilm,http://www.moviebuff.com/bhupendra-singh-megh,http://www.imdb.com/title/tt4541102/,http://reviewschview.com/uvaa/,http://timesofindia.indiatimes.com/entertainment/hindi/movie-reviews/Uvaa/movie-review/47815761.cms,http://www.filmyquotes.com/movies/1207,None,http://www.boxofficeindia.com/Movies/movie_detail/uvaa
100,BezubaanIshq,https://en.wikipedia.org/wiki/Bezubaan_Ishq,Mugdha Godse;Sneha Ullal;Nishant Malkani,BezubaanIshq;Bezubaan Ishq,BezubaanIshq,http://www.moviebuff.com/bezubaan-ishq,http://www.imdb.com/title/tt4760750/,http://reviewschview.com/bezubaan-ishq/,http://timesofindia.indiatimes.com/entertainment/hindi/movie-reviews/Bezubaan-Ishq/movie-review/47922257.cms,http://www.filmyquotes.com/movies/165,None,None
101,GudduRangeela,https://en.wikipedia.org/wiki/Guddu_Rangeela,Ronit Roy;Arshad Warsi;Amit Sadh;Aditi Rao Hydari;,GudduRangeela; Guddu Rangeela,None,http://www.moviebuff.com/guddu-rangeela-2015-hindi,http://www.imdb.com/title/tt4684028/,http://reviewschview.com/guddu-rangeela/,http://timesofindia.indiatimes.com/entertainment/hindi/movie-reviews/Guddu-Rangeela/movie-review/47921164.cms,http://www.filmyquotes.com/movies/1331,None,http://www.boxofficeindia.com/Movies/movie_detail/guddu_rangeela
102,SecondHandHusband,https://en.wikipedia.org/wiki/Second_Hand_Husband,Gippy Grewal;Tina Ahuja;Dharmendra,Second Hand Husband,2ndHandHusband,http://www.moviebuff.com/second-hand-husband,http://www.imdb.com/title/tt3948240/,http://reviewschview.com/second-hand-husband/,http://timesofindia.indiatimes.com/entertainment/hindi/movie-reviews/Second-Hand-Husband/movie-review/47924604.cms,http://www.filmyquotes.com/movies/1329,None,http://www.boxofficeindia.com/Movies/movie_detail/second_hand_husband
103,Baahubali,https://en.wikipedia.org/wiki/Baahubali:_The_Beginning,Prabhas;Rana Daggubati;Anushka Shetty;Tamannaah,Baahubali,BaahubaliMovie,http://www.moviebuff.com/baahubali-the-beginning-2015-hindi,http://www.imdb.com/title/tt2631186/,http://reviewschview.com/bahubali/,http://timesofindia.indiatimes.com/entertainment/hindi/movie-reviews/Baahubali-The-Beginning/movie-review/48018546.cms,http://www.filmyquotes.com/movies/1385,None,None
104,BajrangiBhaijaan,https://en.wikipedia.org/wiki/Bajrangi_Bhaijaan,Salman Khan;Kareena Kapoor;Nawazuddin Siddiqui;Harshaali Malhotra,bajrangi bhaijaan; bajrangibhaijaan,BBThisEid,http://www.moviebuff.com/bajrangi-bhaijaan,http://www.imdb.com/title/tt3863552/,http://reviewschview.com/bajrangi-bhaijaan/,http://timesofindia.indiatimes.com/entertainment/hindi/movie-reviews/Bajrangi-Bhaijaan/movie-review/48108098.cms,http://www.filmyquotes.com/movies/1330,http://www.lyricsmint.com/2015/07/bajrangi-bhaijaan.html,http://boxofficeindia.com/Movies/movie_detail/bajrangi_bhaijaan#.Vj3Rg3W1Gko
105,AisaYehJahaan,https://en.wikipedia.org/wiki/Aisa_Yeh_Jahaan,Palash Sen;Ira Dubey;Yashpal Sharma,aisayehjahaan; aisa yeh jahaan,aisayehjahaan,http://www.moviebuff.com/aisa-yeh-jahaan,http://www.imdb.com/title/tt4760900/,http://reviewschview.com/aisa-yeh-jahaan/,http://timesofindia.indiatimes.com/entertainment/hindi/movie-reviews/Aisa-Yeh-Jahaan/movie-review/48186444.cms,None,None,http://www.boxofficeindia.com/Movies/movie_detail/aisa_yeh_jahaan
106,Masaan,https://en.wikipedia.org/wiki/Fly_Away_Solo,Richa Chadda;Vicky Kaushal;Sanjay Mishra;Shweta Tripathi,Masaan,MasaanTheFilm,http://www.moviebuff.com/masaan,http://www.imdb.com/title/tt4635372/,http://reviewschview.com/masaan/,http://timesofindia.indiatimes.com/entertainment/hindi/movie-reviews/Masaan/movie-review/48187404.cms,None,None,http://boxofficeindia.com/Movies/movie_detail/masaan
107,Drishyam,https://en.wikipedia.org/wiki/Drishyam(2015),Ajay Devgan;Shriya Saran;Tabu;Rajat Kapoor,Drishyam,DrishyamTheFilm,http://www.moviebuff.com/drishyam-2015-hindi,http://www.imdb.com/title/tt4430212/,http://reviewschview.com/drishyam/,http://timesofindia.indiatimes.com/entertainment/hindi/movie-reviews/Drishyam/movie-review/48279405.cms,http://www.filmyquotes.com/movies/1321,http://www.lyricsmint.com/2015/07/drishyam.html,http://www.boxofficeindia.com/Movies/movie_detail/drishyam
108,Bangistan,https://en.wikipedia.org/wiki/Bangistan,Riteish Deshmukh;Pulkit Samrat;Jacqueline Fernandez;Arya Babbar;Tomasz Karolak;Chandan Roy Sanyal,Bangistan,Bangistan,http://www.moviebuff.com/bangistan,http://www.imdb.com/title/tt3422462/,http://reviewschview.com/bangistan/,http://timesofindia.indiatimes.com/entertainment/hindi/movie-reviews/Bangistan/movie-review/48388624.cms,None,None,http://www.boxofficeindia.com/Movies/movie_detail/bangistan
109,Brothers,https://en.wikipedia.org/wiki/Brothers_(2015_film),Akshay Kumar;Sidharth Malhotra;Jacqueline Fernandez;Jackie Shroff;,brothers review,brothers2015_,http://www.moviebuff.com/brothers,http://www.imdb.com/title/tt3802576/,http://reviewschview.com/brothers/,http://timesofindia.indiatimes.com/entertainment/hindi/movie-reviews/Brothers/movie-review/48480933.cms,http://www.filmyquotes.com/movies/1417,http://www.lyricsmint.com/2015/07/brothers.html,http://boxofficeindia.com/Movies/movie_detail/brothers
110,ManjhiTheMountainMan,https://en.wikipedia.org/wiki/Manjhi_-_The_Mountain_Man,Nawazuddin Siddiqui;Radhika Apte,Manjhi; ManjhiTheMountainMan,ManjhiTheFilm,http://www.moviebuff.com/manjhi-the-mountain-man,http://www.imdb.com/title/tt3449292/,http://reviewschview.com/manjhi-the-mountain-man/,http://timesofindia.indiatimes.com/entertainment/hindi/movie-reviews/Manjhi-The-Mountain-Man/movie-review/48574032.cms,http://www.filmyquotes.com/movies/1432,None,http://boxofficeindia.com/Movies/movie_detail/manjhi__the_man_mountain
111,AllIsWell,https://en.wikipedia.org/wiki/All_Is_Well_(film),Abhishek Bachchan; Asin; Rishi Kapoor, all is well review; all is well movie, AllisWellFilm,http://www.moviebuff.com/all-is-well,http://www.imdb.com/title/tt3547616/,http://reviewschview.com/all-is-well/,http://timesofindia.indiatimes.com/entertainment/hindi/movie-reviews/All-Is-Well/movie-review/48584254.cms,None,http://www.lyricsmint.com/2015/07/all-is-well.html,http://www.boxofficeindia.com/Movies/movie_detail/all_is_well
112,Phantom,https://en.wikipedia.org/wiki/Phantom_(2015_film),Katrina Kaif;Saif Ali Khan,phantom review,PhantomMovie15,http://www.moviebuff.com/phantom,http://www.imdb.com/title/tt3469244/,http://reviewschview.com/phantom/,http://timesofindia.indiatimes.com/entertainment/hindi/movie-reviews/Phantom/movie-review/48695426.cms,None,http://www.lyricsmint.com/2015/08/phantom.html,http://www.boxofficeindia.com/Movies/movie_detail/phantom
113,WelcomeBack,https://en.wikipedia.org/wiki/Welcome_Back_(film),John Abraham; Nana Patekar; Anil Kapoor; Shruti Haasan; Paresh Rawal; Shiney Ahuja,welcomeback review; welcome back review,None,http://www.moviebuff.com/welcome-back,www.imdb.com/title/tt3159708/,http://reviewschview.com/welcome-back/,http://timesofindia.indiatimes.com/entertainment/hindi/movie-reviews/Welcome-Back/movie-review/48811869.cms,http://www.filmyquotes.com/movies/1383,http://www.lyricsmint.com/2015/08/welcome-back.html,http://www.boxofficeindia.com/Movies/movie_detail/welcome_back
114,Hero,https://en.wikipedia.org/wiki/Hero_(2015_Hindi_film),Athiya Shetty;Sooraj Pancholi,hero review; hero movie,heromovie,http://www.moviebuff.com/hero,http://www.imdb.com/title/tt4467202/,http://reviewschview.com/hero/,http://timesofindia.indiatimes.com/entertainment/hindi/movie-reviews/Hero/movie-review/48902967.cms,www.filmyquotes.com/movies/1464,http://www.lyricsmint.com/2015/08/hero.html,http://www.boxofficeindia.com/Movies/movie_detail/hero
115,KattiBatti,https://en.wikipedia.org/wiki/Katti_Batti,Imran Khan; Kangana Ranaut,kattibatti; katti batti,KattiBatti_Film,http://www.moviebuff.com/katti-batti,http://www.imdb.com/title/tt4467262/,http://reviewschview.com/katti-batti/,http://timesofindia.indiatimes.com/entertainment/hindi/movie-reviews/Katti-Batti/movie-review/49009105.cms,None,http://www.lyricsmint.com/2015/08/katti-batti.html,http://www.boxofficeindia.com/Movies/movie_detail/katti_batti
116,KisKiskoPyaarKaroon,https://en.wikipedia.org/wiki/Kis_Kisko_Pyaar_Karu,Kapil Sharma; Arbaaz Khan; Manjari Phadnis; Elli Avram; Simran Kaur Mundi; Varun Sharma,kis kisko pyar karoon; KisKiskoPyaarKaroon,KKPKOfficial,www.moviebuff.com/kis-kisko-pyar-karoon,www.imdb.com/title/tt4302956/,http://reviewschview.com/kis-kisko-pyaar-karoon/,http://timesofindia.indiatimes.com/entertainment/hindi/movie-reviews/Kis-Kisko-Pyaar-Karoon/movie-review/49093614.cms,None,None,http://www.boxofficeindia.com/Movies/movie_detail/kis_kisko_pyaar_karoon
117,CalendarGirls,https://en.wikipedia.org/wiki/Calendar_Girls_(2015_film),Akanksha Puri; Avani Modi; Kyra Dutt; Ruhi Singh; Satarupa Pyne,CalendarGirls,MMCalendarGirls,www.moviebuff.com/calendar-girls,http://www.imdb.com/title/tt4897908/,http://reviewschview.com/calendar-girls/,http://timesofindia.indiatimes.com/entertainment/hindi/movie-reviews/Calendar-Girls/movie-review/49104811.cms,http://www.filmyquotes.com/movies/1472,None,http://boxofficeindia.com/Movies/movie_detail/calendar_girls
118,Timeout,https://en.wikipedia.org/wiki/Time_Out_(2015),Chirag Malhotra; Pranay Pachauri,Timeout movie review,None,http://www.moviebuff.com/time-out,www.imdb.com/title/tt4396648/,http://reviewschview.com/timeout/,http://timesofindia.indiatimes.com/entertainment/hindi/movie-reviews/Time-Out/movie-review/49086565.cms,None,None,None
119,BhaagJohnny,https://en.wikipedia.org/wiki/Bhaag_Johnny,Kunal Khemu; Zoa Morani; Mandana Karimi; Raja Virus,Bhaag Johnny; BhaagJohnny,BhaagJohnny,http://www.moviebuff.com/bhaag-johnny,www.imdb.com/title/tt3619710/,http://reviewschview.com/bhaag-johnny/,http://timesofindia.indiatimes.com/entertainment/hindi/movie-reviews/Bhaag-Johnny/movie-review/49106938.cms,http://www.filmyquotes.com/movies/1471,None,http://www.boxofficeindia.com/Movies/movie_detail/bhaag_johnny
120,SinghIsBling,https://en.wikipedia.org/wiki/Singh_Is_Bliing,Akshay Kumar; Amy Jackson; Lara Dutta; Kay Kay Menon,singhisbling; Singh is Bling,sibthefilm,www.moviebuff.com/singh-is-bling,www.imdb.com/title/tt3696192/,http://reviewschview.com/singh-is-bliing/,http://timesofindia.indiatimes.com/entertainment/hindi/movie-reviews/Singh-Is-Bliing/movie-review/49192445.cms,None,www.lyricsmint.com/2015/09/singh-is-bliing.html,http://boxofficeindia.com/Movies/movie_detail/singh_is_bling#.Vj3RpHW1Gko
121,Talvar,https://en.wikipedia.org/wiki/Talvar_(film),Irrfan Khan; Konkona Sen Sharma; Neeraj Kabi; Sohum Sharma,Talvar,None,www.moviebuff.com/talvar,www.imdb.com/title/tt4934950/ ,http://reviewschview.com/talvar/,http://timesofindia.indiatimes.com/entertainment/hindi/movie-reviews/Talvar/movie-review/49176473.cms,None,None,http://www.boxofficeindia.com/Movies/movie_detail/talwar
122,Jazbaa,https://en.wikipedia.org/wiki/Jazbaa,Aishwarya Rai; Irrfan Khan; Shabana Azmi,Jazbaa,JazbaaFilm,http://www.moviebuff.com/jazbaa,www.imdb.com/title/tt4323504/ ,http://reviewschview.com/jazbaa/,http://timesofindia.indiatimes.com/entertainment/hindi/movie-reviews/Jazbaa/movie-review/49270272.cms,http://www.filmyquotes.com/movies/1445,http://www.lyricsmint.com/2015/10/jazbaa.html,http://www.boxofficeindia.com/Movies/movie_detail/jazbaa
123,PyaarKaPunchnama2,https://en.wikipedia.org/wiki/Pyaar_Ka_Punchnama_2 ,Kartik Aaryan; Nushrat Bharucha; Sunny Singh; Sonalli Sehgall,PyaarKaPunchnama; Pyaar Ka Punchnama; PyaarKaPunchnama2,PKP2Official,http://www.moviebuff.com/pyaar-ka-punchnama-2,www.imdb.com/title/tt4430136/ ,http://reviewschview.com/pyaar-ka-punchnama-2/,http://timesofindia.indiatimes.com/entertainment/hindi/movie-reviews/Pyaar-Ka-Punchnama-2/movie-review/49408649.cms,www.filmyquotes.com/movies/1465,www.lyricsmint.com/2015/10/pyaar-ka-punchnama-2.html ,http://boxofficeindia.com/Movies/movie_detail/pyaar_ka_punchnama_2#.Vj3RsnW1Gko
124,WeddingPullav,https://en.wikipedia.org/wiki/Wedding_Pullav ,Anushka Ranjan; Diganth Manchale; Karan Grover; Rishi Kapoor,weddingpullav; wedding pullav,Nick_Crazen,http://www.moviebuff.com/wedding-pullav,www.imdb.com/title/tt4651394/ ,http://reviewschview.com/wedding-pullav/,http://timesofindia.indiatimes.com/entertainment/hindi/movie-reviews/Wedding-Pullav/movie-review/49388128.cms,None,None,http://www.boxofficeindia.com/Movies/movie_detail/wedding_pullav
125,BumperDraw,https://en.wikipedia.org/wiki/Bumper_Draw ,Rajpal Yadav; Omkar Das Manikpuri; Zakir Hussain,bumper draw movie,BumperDrawFilm,http://www.moviebuff.com/bumper-draw,www.imdb.com/title/tt4995402/ ,http://reviewschview.com/bumper-draw/,http://timesofindia.indiatimes.com/entertainment/hindi/movie-reviews/Bumper-Draw/movie-review/49387241.cms,http://www.filmyquotes.com/movies/1513,None,http://www.boxofficeindia.com/Movies/movie_detail/bumper_draw
126,Shaandaar,https://en.wikipedia.org/wiki/Shaandaar ,Shahid Kapoor; Alia Bhatt,shaandaar,shaandarfilm,http://www.moviebuff.com/shaandaar,www.imdb.com/title/tt4007558/ ,http://reviewschview.com/shaandaar/,http://timesofindia.indiatimes.com/entertainment/hindi/movie-reviews/Shaandaar/movie-review/49494611.cms,None,www.lyricsmint.com/2015/09/shaandaar.html ,http://www.boxofficeindia.com/Movies/movie_detail/shaandaar
127,GudduKiGun,https://en.wikipedia.org/wiki/Guddu_Ki_Gun,Kunal Khemu; Sharmal Sarkar,guddu ki gun; guddukigun,GKGOfficial,http://www.moviebuff.com/guddu-ki-gun,http://www.imdb.com/title/tt4853926/,http://reviewschview.com/guddu-ki-gun/,http://timesofindia.indiatimes.com/entertainment/hindi/movie-reviews/Guddu-Ki-Gun/movie-review/49597861.cms,http://www.filmyquotes.com/movies/1512,None,None
128,OnceUponATimeInBihar,https://en.wikipedia.org/wiki/Once_Upon_A_Time_In_Bihar,Ashish Vidyarthi; Arti Puri; Kranti Prakash Jha; Ajay Kumar; Pankaj Jha,OnceUponATimeInBihar; Once Upon A Time In Bihar,OUATIBTheFilm,http://www.moviebuff.com/once-upon-a-time-in-bihar,http://www.imdb.com/title/tt3693936/,http://reviewschview.com/once-upon-a-time-in-bihar/,http://timesofindia.indiatimes.com/entertainment/hindi/movie-reviews/Once-Upon-A-Time-In-Bihar/movie-review/49581996.cms,None,None,None
129,LoveExchange,https://en.wikipedia.org/wiki/Love_Exchange_(2015_film),Mohit Madan; Jyoti Sharma; Manoj Pahwa; Darshan Jariwala; Neelu Kohli; Shama Deshpande; Raju Kher,LoveExchange; LoveExchange review,LoveXchangeFilm,http://www.moviebuff.com/love-exchange,http://www.imdb.com/title/tt5154096,http://reviewschview.com/love-exchange/,http://timesofindia.indiatimes.com/entertainment/hindi/movie-reviews/Love-Exchange/movie-review/49583416.cms,None,None,None
130,MainAurCharles,https://en.wikipedia.org/wiki/Main_Aur_Charles,Randeep Hooda; Adil Hussain;; Tisca Chopra; Alexx O'Nell; Richa Chadda,MainAurCharles; Main Aur Charles,MainAurCharles,http://www.moviebuff.com/main-aur-charles,http://www.imdb.com/title/tt4024944/,http://reviewschview.com/main-aur-charles/,http://timesofindia.indiatimes.com/entertainment/hindi/movie-reviews/Main-Aur-Charles/movie-review/49584906.cms,None,None,None
131,Titli,https://en.wikipedia.org/wiki/Titli_(2015_film),Ranvir Shorey; Amit Sial; Shashank Arora; Lalit Behl,titli,TitliTheFilm,http://www.moviebuff.com/titli,http://www.imdb.com/title/tt3019620/,http://reviewschview.com/titli/,http://timesofindia.indiatimes.com/entertainment/hindi/movie-reviews/Titli/movie-review/49593392.cms,None,None,None
132,FourPillarsOfBasement,https://en.wikipedia.org/wiki/Four_Pillars_of_Basement ,Dilzan Wadia; Abdullah; Alia Singh; Shawar Ali; Zakir Hussain,FourPillarsOfBasement; fourpillarsofbasement; Four Pillars Of Basement,None,http://www.moviebuff.com/four-pillars-of-basement,www.imdb.com/title/tt4565796/ ,http://reviewschview.com/four-pillars-of-basement/,http://timesofindia.indiatimes.com/entertainment/hindi/movie-reviews/Four-Pillars-Of-Basement/movie-review/49684815.cms,None,None,None
133,CharlieKayChakkarMein,https://en.wikipedia.org/wiki/Charlie_Kay_Chakkar_Mein,Naseeruddin Shah; Anand Tiwari; Manasi Rachh,CharlieKayChakkarMein; Charlie Kay Chakkar Mein,None,http://www.moviebuff.com/charlie-kay-chakkar-mein-2015-hindi,http://www.imdb.com/title/tt2190820/,http://reviewschview.com/charlie-kay-chakkar-mein/,http://timesofindia.indiatimes.com/entertainment/hindi/movie-reviews/Charlie-Kay-Chakkar-Mein/movie-review/49690808.cms,http://www.filmyquotes.com/movies/1508,None,None
134,Ranbanka,https://en.wikipedia.org/wiki/Ranbanka ,Manish Paul; Ravi Kishan; Pooja Thakur; Rudra Kaushish,Ranbanka,None,http://www.moviebuff.com/ranbanka,www.imdb.com/title/tt5151622/ ,http://reviewschview.com/ranbanka/,http://timesofindia.indiatimes.com/entertainment/hindi/movie-reviews/Ranbanka/movie-review/49676237.cms,None,None,None
135,YaaraSillySilly,https://en.wikipedia.org/wiki/Yaara_Silly_Silly ,Paoli Dam; Vidya Malvade; Parth Suri; Parambrata Chatterjee,YaaraSillySilly,YaaraSillySilly,http://www.moviebuff.com/yaara-silly-silly,www.imdb.com/title/tt5052972/ ,http://reviewschview.com/yaara-silly-silly/,http://timesofindia.indiatimes.com/entertainment/hindi/movie-reviews/Yaara-Silly-Silly/movie-review/49675027.cms,None,None,None
136,PremRatanDhanPayo,https://en.wikipedia.org/wiki/Prem_Ratan_Dhan_Payo,Salman Khan; Sonam Kapoor; Neil Nitin Mukesh; Anupam Kher,PRDP; Prem Ratan Dhan Payo; PremRatanDhanPayo,prdp,http://www.moviebuff.com/prem-ratan-dhan-payo,www.imdb.com/title/tt3595298/,http://reviewschview.com/prem-ratan-dhan-payo/,http://timesofindia.indiatimes.com/entertainment/hindi/movie-reviews/Prem-Ratan-Dhan-Payo/movie-review/49757980.cms,http://www.filmyquotes.com/movies/1496,http://www.lyricsmint.com/2015/10/prem-ratan-dhan-payo.html,http://www.boxofficeindia.com/Movies/movie_detail/prem_ratan_dhan_payo
137,XPastIsPresent,https://en.wikipedia.org/wiki/X:_Past_Is_Present ,Rajat Kapoor; Anshuman Jha,xpastispresent; x past is present,xthefilm,http://www.moviebuff.com/x-past-is-present,http://www.imdb.com/title/tt5207116/,http://reviewschview.com/x-past-is-present/,http://timesofindia.indiatimes.com/entertainment/hindi/movie-reviews/X-Past-Is-Present/movie-review/49856265.cms,None,None,None
138,Tamasha,https://en.wikipedia.org/wiki/Tamasha_(film),Ranbir Kapoor; Deepika Padukone,tamasha,TamashaOfficial,http://www.moviebuff.com/tamasha,www.imdb.com/title/tt3148502/ ,http://reviewschview.com/tamasha/,http://timesofindia.indiatimes.com/entertainment/hindi/movie-reviews/Tamasha/movie-review/49949360.cms,www.filmyquotes.com/movies/1478,http://www.lyricsmint.com/2015/10/tamasha.html,None
139,HateStory3,https://en.wikipedia.org/wiki/Hate_Story_3 ,Sharman Joshi; Zarine Khan; Karan Singh Grover; Daisy Shah,HateStory3; Hate Story 3,None,http://www.moviebuff.com/hate-story-3,www.imdb.com/title/tt4865436/,http://reviewschview.com/hate-story-3/,http://timesofindia.indiatimes.com/entertainment/hindi/movie-reviews/Hate-Story-3/movie-review/50043831.cms,www.filmyquotes.com/movies/1519,http://www.lyricsmint.com/2015/11/hate-story-3.html,None
140,AngryIndianGoddesses,https://en.wikipedia.org/wiki/Angry_Indian_Goddesses ,Sandhya Mridul; Tannishtha Chatterjee; Sarah-Jane Dias; Anushka Manchanda; Amrit Maghera,AngryIndianGoddesses; Angry Indian Goddesses ,None,http://www.moviebuff.com/angry-indian-goddesses,www.imdb.com/title/tt3368222/ ,http://reviewschview.com/angry-indian-goddesses/,http://timesofindia.indiatimes.com/entertainment/hindi/movie-reviews/Angry-Indian-Goddesses/movie-review/50039481.cms,None,None,None
141,Kajarya,https://en.wikipedia.org/wiki/Kajarya ,Meenu Hooda; Ridhima Sud; Kuldeep Ruhil; Shashi Bhushan,Kajarya,None,http://www.moviebuff.com/kajariya,None,http://reviewschview.com/kajarya/,http://timesofindia.indiatimes.com/entertainment/hindi/movie-reviews/Kajarya/movie-review/50028635.cms,None,None,None
142,TheSilentHeroes,https://en.wikipedia.org/wiki/The_Silent_Heroes ,Maanuv Bharadwaj; Priyanka Panchal; Mann Bagga; Simran Deep; Nirmal Kumar Pant,TheSilentHeroes; The Silent Heroes,None,http://www.moviebuff.com/the-silent-heroes,www.imdb.com/title/tt4309284/ ,http://reviewschview.com/the-silent-heroes/,http://timesofindia.indiatimes.com/entertainment/hindi/movie-reviews/The-Silent-Heroes/movie-review/50140070.cms,None,None,None
143,BajiraoMastani,https://en.wikipedia.org/wiki/Bajirao_Mastani_(film),Ranveer Singh; Deepika Padukone; Priy Mahesh Manjrekaranka Chopra;,BajiraoMastani; Bajirao Mastani,None,http://www.moviebuff.com/bajirao-mastani,http://www.imdb.com/title/tt3735246/?ref_=nv_sr_1,http://reviewschview.com/19019/,None,www.filmyquotes.com/movies/1446,http://www.lyricsmint.com/2015/11/bajirao-mastani.html,None
144,Dilwale,https://en.wikipedia.org/wiki/Dilwale_(2015_film),Shah Rukh Khan; Varun Dhawan; Kajol; Kriti Sanon,Dilwale,None,http://www.moviebuff.com/dilwale-2015-hindi,http://www.imdb.com/title/tt4535650/,http://reviewschview.com/19020/,None,www.filmyquotes.com/movies/1528,http://www.lyricsmint.com/2015/12/dilwale.html,None
145,Wazir,https://en.wikipedia.org/wiki/Wazir_(film),Amitabh Bachchan; Farhan Akhtar; Aditi Rao Hydari; Neil Nitin Mukesh,wazir ,None,http://www.moviebuff.com/wazir,http://www.imdb.com/title/tt0315642/,None,None,http://www.filmyquotes.com/movies/1309,http://www.lyricsmint.com/2015/12/wazir.html,None
